/Sports & Outdoors,CamelBak,1,100,0.01
/Sports & Outdoors,iGK,2,100,0.02
/Sports & Outdoors,Elite Fan Shop,1,100,0.01
/Sports & Outdoors,Nalgene,1,100,0.01
/Sports & Outdoors,Magic Bullet,1,100,0.01
/Sports & Outdoors,MCTi,1,100,0.01
/Sports & Outdoors,IYOU,1,100,0.01
/Sports & Outdoors,BalanceFrom,2,100,0.02
/Sports & Outdoors,OutdoorMaster,1,100,0.01
/Sports & Outdoors,Fairly Odd Novelties,1,100,0.01
/Sports & Outdoors,CQR,1,100,0.01
/Sports & Outdoors,ROQ,1,100,0.01
/Sports & Outdoors,AmazonBasics,3,100,0.03
/Sports & Outdoors,Under Armour,4,100,0.04
/Sports & Outdoors,Legendary Whitetails,1,100,0.01
/Sports & Outdoors,HILIMNY,2,100,0.02
/Sports & Outdoors,Zionor,1,100,0.01
/Sports & Outdoors,Energizer,1,100,0.01
/Sports & Outdoors,Sports Research,1,100,0.01
/Sports & Outdoors,YETI,6,100,0.06
/Sports & Outdoors,Aegend,1,100,0.01
/Sports & Outdoors,MIRA Brands,1,100,0.01
/Sports & Outdoors,New Era,1,100,0.01
/Sports & Outdoors,Activ Life,1,100,0.01
/Sports & Outdoors,Morphing Mugs,1,100,0.01
/Sports & Outdoors,AdMaster,4,100,0.04
/Sports & Outdoors,Spar.saa,1,100,0.01
/Sports & Outdoors,Achiou,1,100,0.01
/Sports & Outdoors,Iron Gym,1,100,0.01
/Sports & Outdoors,POY,1,100,0.01
/Sports & Outdoors,Maledan,2,100,0.02
/Sports & Outdoors,Stanley,1,100,0.01
/Sports & Outdoors,Physix Gear Sport,2,100,0.02
/Sports & Outdoors,Fit Simplify,1,100,0.01
/Sports & Outdoors,LETSCOM,1,100,0.01
/Sports & Outdoors,Walker's Game Ear,1,100,0.01
/Sports & Outdoors,HotHands,2,100,0.02
/Sports & Outdoors,Spalding,1,100,0.01
/Sports & Outdoors,Sawyer Products,1,100,0.01
/Sports & Outdoors,yamen,1,100,0.01
/Sports & Outdoors,Ultra Pro,1,100,0.01
/Sports & Outdoors,Titleist,1,100,0.01
/Sports & Outdoors,VATI,1,100,0.01
/Sports & Outdoors,YC YANCH,1,100,0.01
/Sports & Outdoors,Hydro Flask,3,100,0.03
/Sports & Outdoors,Tirnga,1,100,0.01
/Sports & Outdoors,ProSource,1,100,0.01
/Sports & Outdoors,Zippo,1,100,0.01
/Sports & Outdoors,Intex,1,100,0.01
/Sports & Outdoors,Brita,1,100,0.01
/Sports & Outdoors,SABRE,1,100,0.01
/Sports & Outdoors,SB SOX,2,100,0.02
/Sports & Outdoors,Vancle,1,100,0.01
/Sports & Outdoors,Smith & Wesson,1,100,0.01
/Sports & Outdoors,Tesla,2,100,0.02
/Sports & Outdoors,adidas,3,100,0.03
/Sports & Outdoors,TRENDOUX,1,100,0.01
/Sports & Outdoors,Arctix,7,100,0.07
/Sports & Outdoors,Simple Modern,2,100,0.02
/Sports & Outdoors,BuildLife,1,100,0.01
/Sports & Outdoors,Secbolt,1,100,0.01
/Sports & Outdoors,Lock Laces,1,100,0.01
/Sports & Outdoors,Nike,2,100,0.02
/Sports & Outdoors,The Northwest Company,1,100,0.01
/Sports & Outdoors,321 STRONG,1,100,0.01
/Sports & Outdoors,INTENY,1,100,0.01
/Sports & Outdoors,TOP Gift,1,100,0.01
Sports & Outdoors/Fan Shop,JanSport,1,84,0.011904761904761904
Sports & Outdoors/Fan Shop,Elite Fan Shop,5,84,0.05952380952380952
Sports & Outdoors/Fan Shop,UNK NBA,4,84,0.047619047619047616
Sports & Outdoors/Fan Shop,IYOU,1,84,0.011904761904761904
Sports & Outdoors/Fan Shop,FOCO,2,84,0.023809523809523808
Sports & Outdoors/Fan Shop,Wirezoll,1,84,0.011904761904761904
Sports & Outdoors/Fan Shop,HOMAR,1,84,0.011904761904761904
Sports & Outdoors/Fan Shop,Fjallraven,1,84,0.011904761904761904
Sports & Outdoors/Fan Shop,ROQ,2,84,0.023809523809523808
Sports & Outdoors/Fan Shop,Under Armour,4,84,0.047619047619047616
Sports & Outdoors/Fan Shop,HILIMNY,2,84,0.023809523809523808
Sports & Outdoors/Fan Shop,ThunderFit,1,84,0.011904761904761904
Sports & Outdoors/Fan Shop,Rotibox,1,84,0.011904761904761904
Sports & Outdoors/Fan Shop,New Era,1,84,0.011904761904761904
Sports & Outdoors/Fan Shop,Tribe,1,84,0.011904761904761904
Sports & Outdoors/Fan Shop,Thermos,6,84,0.07142857142857142
Sports & Outdoors/Fan Shop,occer,1,84,0.011904761904761904
Sports & Outdoors/Fan Shop,MRTLLOA,1,84,0.011904761904761904
Sports & Outdoors/Fan Shop,Vemingo,1,84,0.011904761904761904
Sports & Outdoors/Fan Shop,Franklin Sports,2,84,0.023809523809523808
Sports & Outdoors/Fan Shop,McDavid,1,84,0.011904761904761904
Sports & Outdoors/Fan Shop,Champion LIFE,1,84,0.011904761904761904
Sports & Outdoors/Fan Shop,Spalding,1,84,0.011904761904761904
Sports & Outdoors/Fan Shop,Rico,1,84,0.011904761904761904
Sports & Outdoors/Fan Shop,FULLLIGHT TECH,1,84,0.011904761904761904
Sports & Outdoors/Fan Shop,Titleist,2,84,0.023809523809523808
Sports & Outdoors/Fan Shop,Taylor Precision Products,1,84,0.011904761904761904
Sports & Outdoors/Fan Shop,Hydro Flask,1,84,0.011904761904761904
Sports & Outdoors/Fan Shop,Wilson,4,84,0.047619047619047616
Sports & Outdoors/Fan Shop,Balega,1,84,0.011904761904761904
Sports & Outdoors/Fan Shop,XIKEZAN,2,84,0.023809523809523808
Sports & Outdoors/Fan Shop,Tervis,1,84,0.011904761904761904
Sports & Outdoors/Fan Shop,Fremont Die,1,84,0.011904761904761904
Sports & Outdoors/Fan Shop,OTS,8,84,0.09523809523809523
Sports & Outdoors/Fan Shop,SKLZ,1,84,0.011904761904761904
Sports & Outdoors/Fan Shop,Pro Specialties Group,1,84,0.011904761904761904
Sports & Outdoors/Fan Shop,Coleman,1,84,0.011904761904761904
Sports & Outdoors/Fan Shop,adidas,4,84,0.047619047619047616
Sports & Outdoors/Fan Shop,amBand,1,84,0.011904761904761904
Sports & Outdoors/Fan Shop,Simple Modern,1,84,0.011904761904761904
Sports & Outdoors/Fan Shop,The Northwest Company,5,84,0.05952380952380952
Sports & Outdoors/Fan Shop,Sharpty,1,84,0.011904761904761904
Sports & Outdoors/Fan Shop,Great American Products,1,84,0.011904761904761904
Sports & Outdoors/Fan Shop,Apple,1,84,0.011904761904761904
Sports & Outdoors/Fan Shop,Campus Colors,2,84,0.023809523809523808
Sports & Outdoors/Fan Shop/Auto Accessories,moveland,1,100,0.01
Sports & Outdoors/Fan Shop/Auto Accessories,Decal Racing Sticker,1,100,0.01
Sports & Outdoors/Fan Shop/Auto Accessories,Siskiyou,10,100,0.1
Sports & Outdoors/Fan Shop/Auto Accessories,Fanmats,2,100,0.02
Sports & Outdoors/Fan Shop/Auto Accessories,Team ProMark,12,100,0.12
Sports & Outdoors/Fan Shop/Auto Accessories,HangTime,1,100,0.01
Sports & Outdoors/Fan Shop/Auto Accessories,ProMark,2,100,0.02
Sports & Outdoors/Fan Shop/Auto Accessories,WinCraft,14,100,0.14
Sports & Outdoors/Fan Shop/Auto Accessories,RATS,1,100,0.01
Sports & Outdoors/Fan Shop/Auto Accessories,Rico,11,100,0.11
Sports & Outdoors/Fan Shop/Auto Accessories,BSI,1,100,0.01
Sports & Outdoors/Fan Shop/Auto Accessories,Blue Moon Graphics,1,100,0.01
Sports & Outdoors/Fan Shop/Auto Accessories,EIOU,1,100,0.01
Sports & Outdoors/Fan Shop/Auto Accessories,Fremont Die,9,100,0.09
Sports & Outdoors/Fan Shop/Auto Accessories,aminco,3,100,0.03
Sports & Outdoors/Fan Shop/Auto Accessories,Pro Specialties Group,3,100,0.03
Sports & Outdoors/Fan Shop/Auto Accessories,Rico Industries,23,100,0.23
Sports & Outdoors/Fan Shop/Auto Accessories,None,1,100,0.01
Sports & Outdoors/Fan Shop/Auto Accessories,The Northwest Company,1,100,0.01
Sports & Outdoors/Fan Shop/Auto Accessories,Steelers Wholesale,1,100,0.01
Sports & Outdoors/Fan Shop/Auto Accessories,Pure Support,1,100,0.01
Sports & Outdoors/Fan Shop/Auto Accessories/Air Fresheners,Hoonigan,8,96,0.08333333333333333
Sports & Outdoors/Fan Shop/Auto Accessories/Air Fresheners,HHei_K,1,96,0.010416666666666666
Sports & Outdoors/Fan Shop/Auto Accessories/Air Fresheners,Leeds United F.C.,1,96,0.010416666666666666
Sports & Outdoors/Fan Shop/Auto Accessories/Air Fresheners,SG,5,96,0.052083333333333336
Sports & Outdoors/Fan Shop/Auto Accessories/Air Fresheners,GerTong,1,96,0.010416666666666666
Sports & Outdoors/Fan Shop/Auto Accessories/Air Fresheners,Qingre,1,96,0.010416666666666666
Sports & Outdoors/Fan Shop/Auto Accessories/Air Fresheners,Jf Sports,5,96,0.052083333333333336
Sports & Outdoors/Fan Shop/Auto Accessories/Air Fresheners,Elon's Musk,2,96,0.020833333333333332
Sports & Outdoors/Fan Shop/Auto Accessories/Air Fresheners,Team ProMark,7,96,0.07291666666666667
Sports & Outdoors/Fan Shop/Auto Accessories/Air Fresheners,Fc Barcelona Gifts,1,96,0.010416666666666666
Sports & Outdoors/Fan Shop/Auto Accessories/Air Fresheners,NFL,1,96,0.010416666666666666
Sports & Outdoors/Fan Shop/Auto Accessories/Air Fresheners,Lenrunya,1,96,0.010416666666666666
Sports & Outdoors/Fan Shop/Auto Accessories/Air Fresheners,GIFC,1,96,0.010416666666666666
Sports & Outdoors/Fan Shop/Auto Accessories/Air Fresheners,ProMark,9,96,0.09375
Sports & Outdoors/Fan Shop/Auto Accessories/Air Fresheners,Misfits,1,96,0.010416666666666666
Sports & Outdoors/Fan Shop/Auto Accessories/Air Fresheners,Citrus Magic,1,96,0.010416666666666666
Sports & Outdoors/Fan Shop/Auto Accessories/Air Fresheners,HOME WIN LIMITED,1,96,0.010416666666666666
Sports & Outdoors/Fan Shop/Auto Accessories/Air Fresheners,Hoonigan Industries,1,96,0.010416666666666666
Sports & Outdoors/Fan Shop/Auto Accessories/Air Fresheners,xxiii,2,96,0.020833333333333332
Sports & Outdoors/Fan Shop/Auto Accessories/Air Fresheners,LA Auto Gear,1,96,0.010416666666666666
Sports & Outdoors/Fan Shop/Auto Accessories/Air Fresheners,Liverpool,3,96,0.03125
Sports & Outdoors/Fan Shop/Auto Accessories/Air Fresheners,Chelsea F.C.,1,96,0.010416666666666666
Sports & Outdoors/Fan Shop/Auto Accessories/Air Fresheners,Manchester City Gifts,1,96,0.010416666666666666
Sports & Outdoors/Fan Shop/Auto Accessories/Air Fresheners,WEIYE,1,96,0.010416666666666666
Sports & Outdoors/Fan Shop/Auto Accessories/Air Fresheners,Kangkang,1,96,0.010416666666666666
Sports & Outdoors/Fan Shop/Auto Accessories/Air Fresheners,Manchester United FC,1,96,0.010416666666666666
Sports & Outdoors/Fan Shop/Auto Accessories/Air Fresheners,Radtke Sports,2,96,0.020833333333333332
Sports & Outdoors/Fan Shop/Auto Accessories/Air Fresheners,GMYLE,1,96,0.010416666666666666
Sports & Outdoors/Fan Shop/Auto Accessories/Air Fresheners,Inkach,2,96,0.020833333333333332
Sports & Outdoors/Fan Shop/Auto Accessories/Air Fresheners,NCAA,4,96,0.041666666666666664
Sports & Outdoors/Fan Shop/Auto Accessories/Air Fresheners,100% Official Club Merchandise,1,96,0.010416666666666666
Sports & Outdoors/Fan Shop/Auto Accessories/Air Fresheners,Morenitor,1,96,0.010416666666666666
Sports & Outdoors/Fan Shop/Auto Accessories/Air Fresheners,Arsenal F.C.,2,96,0.020833333333333332
Sports & Outdoors/Fan Shop/Auto Accessories/Air Fresheners,Mosunx Women Dress,1,96,0.010416666666666666
Sports & Outdoors/Fan Shop/Auto Accessories/Air Fresheners,ZYER,1,96,0.010416666666666666
Sports & Outdoors/Fan Shop/Auto Accessories/Air Fresheners,Woodwick Candle,2,96,0.020833333333333332
Sports & Outdoors/Fan Shop/Auto Accessories/Air Fresheners,Fanzzone,1,96,0.010416666666666666
Sports & Outdoors/Fan Shop/Auto Accessories/Air Fresheners,Tottenham Hotspur F.C.,2,96,0.020833333333333332
Sports & Outdoors/Fan Shop/Auto Accessories/Air Fresheners,Santa Cruz Skateboards,1,96,0.010416666666666666
Sports & Outdoors/Fan Shop/Auto Accessories/Air Fresheners,JF Sports Canada,3,96,0.03125
Sports & Outdoors/Fan Shop/Auto Accessories/Air Fresheners,None,1,96,0.010416666666666666
Sports & Outdoors/Fan Shop/Auto Accessories/Air Fresheners,Home Win,2,96,0.020833333333333332
Sports & Outdoors/Fan Shop/Auto Accessories/Air Fresheners,DUCK DYNASTY,3,96,0.03125
Sports & Outdoors/Fan Shop/Auto Accessories/Air Fresheners,Natural Life,6,96,0.0625
Sports & Outdoors/Fan Shop/Auto Accessories/Air Fresheners,Manchester City F.C.,1,96,0.010416666666666666
Sports & Outdoors/Fan Shop/Auto Accessories/Antenna Toppers,CSSD_Sun Hats,1,80,0.0125
Sports & Outdoors/Fan Shop/Auto Accessories/Antenna Toppers,Meccion,1,80,0.0125
Sports & Outdoors/Fan Shop/Auto Accessories/Antenna Toppers,Tenna Tops,5,80,0.0625
Sports & Outdoors/Fan Shop/Auto Accessories/Antenna Toppers,Leoy88,1,80,0.0125
Sports & Outdoors/Fan Shop/Auto Accessories/Antenna Toppers,None,1,80,0.0125
Sports & Outdoors/Fan Shop/Auto Accessories/Antenna Toppers,WinCraft,3,80,0.0375
Sports & Outdoors/Fan Shop/Auto Accessories/Antenna Toppers,Zehaer,1,80,0.0125
Sports & Outdoors/Fan Shop/Auto Accessories/Antenna Toppers,River's Edge Products,1,80,0.0125
Sports & Outdoors/Fan Shop/Auto Accessories/Antenna Toppers,Stem,3,80,0.0375
Sports & Outdoors/Fan Shop/Auto Accessories/Antenna Toppers,Pullic,1,80,0.0125
Sports & Outdoors/Fan Shop/Auto Accessories/Antenna Toppers,URbeauty,1,80,0.0125
Sports & Outdoors/Fan Shop/Auto Accessories/Antenna Toppers,CSSD Clearance Boots,1,80,0.0125
Sports & Outdoors/Fan Shop/Auto Accessories/Antenna Toppers,AOWA,1,80,0.0125
Sports & Outdoors/Fan Shop/Auto Accessories/Antenna Toppers,Football Fanatics,2,80,0.025
Sports & Outdoors/Fan Shop/Auto Accessories/Antenna Toppers,Rivers Edge,1,80,0.0125
Sports & Outdoors/Fan Shop/Auto Accessories/Antenna Toppers,CSSD,36,80,0.45
Sports & Outdoors/Fan Shop/Auto Accessories/Antenna Toppers,Rico,20,80,0.25
Sports & Outdoors/Fan Shop/Auto Accessories/Car Covers,opamoo,2,95,0.021052631578947368
Sports & Outdoors/Fan Shop/Auto Accessories/Car Covers,Foshin,1,95,0.010526315789473684
Sports & Outdoors/Fan Shop/Auto Accessories/Car Covers,Minge,1,95,0.010526315789473684
Sports & Outdoors/Fan Shop/Auto Accessories/Car Covers,Creative Car Coats,1,95,0.010526315789473684
Sports & Outdoors/Fan Shop/Auto Accessories/Car Covers,Buyanputra,1,95,0.010526315789473684
Sports & Outdoors/Fan Shop/Auto Accessories/Car Covers,Orgrimmar,1,95,0.010526315789473684
Sports & Outdoors/Fan Shop/Auto Accessories/Car Covers,Seaintheson Women Dresses,2,95,0.021052631578947368
Sports & Outdoors/Fan Shop/Auto Accessories/Car Covers,Siskiyou,1,95,0.010526315789473684
Sports & Outdoors/Fan Shop/Auto Accessories/Car Covers,Harpi,4,95,0.042105263157894736
Sports & Outdoors/Fan Shop/Auto Accessories/Car Covers,Team ProMark,2,95,0.021052631578947368
Sports & Outdoors/Fan Shop/Auto Accessories/Car Covers,CSSD,1,95,0.010526315789473684
Sports & Outdoors/Fan Shop/Auto Accessories/Car Covers,Unknown,1,95,0.010526315789473684
Sports & Outdoors/Fan Shop/Auto Accessories/Car Covers,Bestop,1,95,0.010526315789473684
Sports & Outdoors/Fan Shop/Auto Accessories/Car Covers,YITAMOTOR,1,95,0.010526315789473684
Sports & Outdoors/Fan Shop/Auto Accessories/Car Covers,Love the World,1,95,0.010526315789473684
Sports & Outdoors/Fan Shop/Auto Accessories/Car Covers,InterestPrint,1,95,0.010526315789473684
Sports & Outdoors/Fan Shop/Auto Accessories/Car Covers,Gaonana,1,95,0.010526315789473684
Sports & Outdoors/Fan Shop/Auto Accessories/Car Covers,HOMEYA,1,95,0.010526315789473684
Sports & Outdoors/Fan Shop/Auto Accessories/Car Covers,GIFC,1,95,0.010526315789473684
Sports & Outdoors/Fan Shop/Auto Accessories/Car Covers,Miaomiaogo,7,95,0.07368421052631578
Sports & Outdoors/Fan Shop/Auto Accessories/Car Covers,yaonow,6,95,0.06315789473684211
Sports & Outdoors/Fan Shop/Auto Accessories/Car Covers,Beaums,16,95,0.16842105263157894
Sports & Outdoors/Fan Shop/Auto Accessories/Car Covers,i-VIVIAN,1,95,0.010526315789473684
Sports & Outdoors/Fan Shop/Auto Accessories/Car Covers,INTERESTPRINT,3,95,0.031578947368421054
Sports & Outdoors/Fan Shop/Auto Accessories/Car Covers,Yoton,12,95,0.12631578947368421
Sports & Outdoors/Fan Shop/Auto Accessories/Car Covers,Aorious,1,95,0.010526315789473684
Sports & Outdoors/Fan Shop/Auto Accessories/Car Covers,CAS,1,95,0.010526315789473684
Sports & Outdoors/Fan Shop/Auto Accessories/Car Covers,hsn_zem,1,95,0.010526315789473684
Sports & Outdoors/Fan Shop/Auto Accessories/Car Covers,ALORR,1,95,0.010526315789473684
Sports & Outdoors/Fan Shop/Auto Accessories/Car Covers,Fremont Die,7,95,0.07368421052631578
Sports & Outdoors/Fan Shop/Auto Accessories/Car Covers,Car Side Mirror Covers,1,95,0.010526315789473684
Sports & Outdoors/Fan Shop/Auto Accessories/Car Covers,mrGood,1,95,0.010526315789473684
Sports & Outdoors/Fan Shop/Auto Accessories/Car Covers,None,1,95,0.010526315789473684
Sports & Outdoors/Fan Shop/Auto Accessories/Car Covers,dDanke,1,95,0.010526315789473684
Sports & Outdoors/Fan Shop/Auto Accessories/Car Covers,APARK,1,95,0.010526315789473684
Sports & Outdoors/Fan Shop/Auto Accessories/Car Covers,TeamPomark,3,95,0.031578947368421054
Sports & Outdoors/Fan Shop/Auto Accessories/Car Covers,WUSHENG,1,95,0.010526315789473684
Sports & Outdoors/Fan Shop/Auto Accessories/Car Covers,weijij,1,95,0.010526315789473684
Sports & Outdoors/Fan Shop/Auto Accessories/Car Covers,Iznwbbqsws,2,95,0.021052631578947368
Sports & Outdoors/Fan Shop/Auto Accessories/Car Covers,LTUI,1,95,0.010526315789473684
Sports & Outdoors/Fan Shop/Auto Accessories/Car Covers,IC ICLOVER,1,95,0.010526315789473684
Sports & Outdoors/Fan Shop/Auto Accessories/Car Flags,CARFIN,2,99,0.020202020202020204
Sports & Outdoors/Fan Shop/Auto Accessories/Car Flags,RICO INDUSTRIES,1,99,0.010101010101010102
Sports & Outdoors/Fan Shop/Auto Accessories/Car Flags,Just Solutions!,2,99,0.020202020202020204
Sports & Outdoors/Fan Shop/Auto Accessories/Car Flags,Online Stores,3,99,0.030303030303030304
Sports & Outdoors/Fan Shop/Auto Accessories/Car Flags,FOCO,1,99,0.010101010101010102
Sports & Outdoors/Fan Shop/Auto Accessories/Car Flags,RN4Life,1,99,0.010101010101010102
Sports & Outdoors/Fan Shop/Auto Accessories/Car Flags,UFLAGZ,1,99,0.010101010101010102
Sports & Outdoors/Fan Shop/Auto Accessories/Car Flags,Car Flags,1,99,0.010101010101010102
Sports & Outdoors/Fan Shop/Auto Accessories/Car Flags,RICO Industries,1,99,0.010101010101010102
Sports & Outdoors/Fan Shop/Auto Accessories/Car Flags,WinCraft,4,99,0.04040404040404041
Sports & Outdoors/Fan Shop/Auto Accessories/Car Flags,AES,1,99,0.010101010101010102
Sports & Outdoors/Fan Shop/Auto Accessories/Car Flags,Flagpole To Go,1,99,0.010101010101010102
Sports & Outdoors/Fan Shop/Auto Accessories/Car Flags,DAFAFA,1,99,0.010101010101010102
Sports & Outdoors/Fan Shop/Auto Accessories/Car Flags,Rico,7,99,0.0707070707070707
Sports & Outdoors/Fan Shop/Auto Accessories/Car Flags,BSI,11,99,0.1111111111111111
Sports & Outdoors/Fan Shop/Auto Accessories/Car Flags,Logo Brands,1,99,0.010101010101010102
Sports & Outdoors/Fan Shop/Auto Accessories/Car Flags,IrisUSA,1,99,0.010101010101010102
Sports & Outdoors/Fan Shop/Auto Accessories/Car Flags,Unique,1,99,0.010101010101010102
Sports & Outdoors/Fan Shop/Auto Accessories/Car Flags,US Car Flags,1,99,0.010101010101010102
Sports & Outdoors/Fan Shop/Auto Accessories/Car Flags,NCAA,1,99,0.010101010101010102
Sports & Outdoors/Fan Shop/Auto Accessories/Car Flags,College Flags and Banners Co.,3,99,0.030303030303030304
Sports & Outdoors/Fan Shop/Auto Accessories/Car Flags,Fremont Die,27,99,0.2727272727272727
Sports & Outdoors/Fan Shop/Auto Accessories/Car Flags,Red Bull,1,99,0.010101010101010102
Sports & Outdoors/Fan Shop/Auto Accessories/Car Flags,CG Autowood,1,99,0.010101010101010102
Sports & Outdoors/Fan Shop/Auto Accessories/Car Flags,Health Lodge,1,99,0.010101010101010102
Sports & Outdoors/Fan Shop/Auto Accessories/Car Flags,Rico Industries,22,99,0.2222222222222222
Sports & Outdoors/Fan Shop/Auto Accessories/Car Flags,TallFlags,1,99,0.010101010101010102
Sports & Outdoors/Fan Shop/Auto Accessories/Car Magnets,RLRY,3,100,0.03
Sports & Outdoors/Fan Shop/Auto Accessories/Car Magnets,Golden Spearhead,2,100,0.02
Sports & Outdoors/Fan Shop/Auto Accessories/Car Magnets,FOCO,1,100,0.01
Sports & Outdoors/Fan Shop/Auto Accessories/Car Magnets,Stockdale,3,100,0.03
Sports & Outdoors/Fan Shop/Auto Accessories/Car Magnets,Magnetic Canvas,1,100,0.01
Sports & Outdoors/Fan Shop/Auto Accessories/Car Magnets,Siskiyou,13,100,0.13
Sports & Outdoors/Fan Shop/Auto Accessories/Car Magnets,Brax,2,100,0.02
Sports & Outdoors/Fan Shop/Auto Accessories/Car Magnets,Dear friends,1,100,0.01
Sports & Outdoors/Fan Shop/Auto Accessories/Car Magnets,Jarden Sports Licensing/Pro-Mold,1,100,0.01
Sports & Outdoors/Fan Shop/Auto Accessories/Car Magnets,WinCraft,23,100,0.23
Sports & Outdoors/Fan Shop/Auto Accessories/Car Magnets,HBtoys,2,100,0.02
Sports & Outdoors/Fan Shop/Auto Accessories/Car Magnets,Patch Collection,4,100,0.04
Sports & Outdoors/Fan Shop/Auto Accessories/Car Magnets,Flagline,1,100,0.01
Sports & Outdoors/Fan Shop/Auto Accessories/Car Magnets,Rico,1,100,0.01
Sports & Outdoors/Fan Shop/Auto Accessories/Car Magnets,Yves,1,100,0.01
Sports & Outdoors/Fan Shop/Auto Accessories/Car Magnets,CHET,1,100,0.01
Sports & Outdoors/Fan Shop/Auto Accessories/Car Magnets,Fremont Die,13,100,0.13
Sports & Outdoors/Fan Shop/Auto Accessories/Car Magnets,R AND R IMPORTS,1,100,0.01
Sports & Outdoors/Fan Shop/Auto Accessories/Car Magnets,Craftique,9,100,0.09
Sports & Outdoors/Fan Shop/Auto Accessories/Car Magnets,None,2,100,0.02
Sports & Outdoors/Fan Shop/Auto Accessories/Car Magnets,Game Day Outfitters,2,100,0.02
Sports & Outdoors/Fan Shop/Auto Accessories/Car Magnets,Rico Industries,13,100,0.13
Sports & Outdoors/Fan Shop/Auto Accessories/Decals & Bumper Stickers,topthaishop,1,100,0.01
Sports & Outdoors/Fan Shop/Auto Accessories/Decals & Bumper Stickers,Decal Racing Sticker,2,100,0.02
Sports & Outdoors/Fan Shop/Auto Accessories/Decals & Bumper Stickers,Siskiyou,3,100,0.03
Sports & Outdoors/Fan Shop/Auto Accessories/Decals & Bumper Stickers,NHL,1,100,0.01
Sports & Outdoors/Fan Shop/Auto Accessories/Decals & Bumper Stickers,Team ProMark,10,100,0.1
Sports & Outdoors/Fan Shop/Auto Accessories/Decals & Bumper Stickers,POTO Sexy Lingerie,1,100,0.01
Sports & Outdoors/Fan Shop/Auto Accessories/Decals & Bumper Stickers,SupplyPro,1,100,0.01
Sports & Outdoors/Fan Shop/Auto Accessories/Decals & Bumper Stickers,WinCraft,35,100,0.35
Sports & Outdoors/Fan Shop/Auto Accessories/Decals & Bumper Stickers,Old Glory,1,100,0.01
Sports & Outdoors/Fan Shop/Auto Accessories/Decals & Bumper Stickers,All-Weather,1,100,0.01
Sports & Outdoors/Fan Shop/Auto Accessories/Decals & Bumper Stickers,Lucky2Buy,1,100,0.01
Sports & Outdoors/Fan Shop/Auto Accessories/Decals & Bumper Stickers,valstick,1,100,0.01
Sports & Outdoors/Fan Shop/Auto Accessories/Decals & Bumper Stickers,Rico,4,100,0.04
Sports & Outdoors/Fan Shop/Auto Accessories/Decals & Bumper Stickers,Blue Moon Graphics,1,100,0.01
Sports & Outdoors/Fan Shop/Auto Accessories/Decals & Bumper Stickers,Rockstar Energy Sticker,1,100,0.01
Sports & Outdoors/Fan Shop/Auto Accessories/Decals & Bumper Stickers,Fremont Die,1,100,0.01
Sports & Outdoors/Fan Shop/Auto Accessories/Decals & Bumper Stickers,GT Graphics,1,100,0.01
Sports & Outdoors/Fan Shop/Auto Accessories/Decals & Bumper Stickers,Rico Industries,16,100,0.16
Sports & Outdoors/Fan Shop/Auto Accessories/Decals & Bumper Stickers,Team Effort,1,100,0.01
Sports & Outdoors/Fan Shop/Auto Accessories/Decals & Bumper Stickers,None,2,100,0.02
Sports & Outdoors/Fan Shop/Auto Accessories/Decals & Bumper Stickers,Rawlings,1,100,0.01
Sports & Outdoors/Fan Shop/Auto Accessories/Decals & Bumper Stickers,Sarahs,1,100,0.01
Sports & Outdoors/Fan Shop/Auto Accessories/Decals & Bumper Stickers,Heart Sticker Co.,1,100,0.01
Sports & Outdoors/Fan Shop/Auto Accessories/Decals & Bumper Stickers,Craftique,11,100,0.11
Sports & Outdoors/Fan Shop/Auto Accessories/Decals & Bumper Stickers,Panini,1,100,0.01
Sports & Outdoors/Fan Shop/Auto Accessories/Decals & Bumper Stickers/Bumper Stickers,DOKOT,1,100,0.01
Sports & Outdoors/Fan Shop/Auto Accessories/Decals & Bumper Stickers/Bumper Stickers,WSERE,1,100,0.01
Sports & Outdoors/Fan Shop/Auto Accessories/Decals & Bumper Stickers/Bumper Stickers,UNAMEIT,2,100,0.02
Sports & Outdoors/Fan Shop/Auto Accessories/Decals & Bumper Stickers/Bumper Stickers,Edwin Group of Companies,3,100,0.03
Sports & Outdoors/Fan Shop/Auto Accessories/Decals & Bumper Stickers/Bumper Stickers,Anderson Design Group,1,100,0.01
Sports & Outdoors/Fan Shop/Auto Accessories/Decals & Bumper Stickers/Bumper Stickers,topthaishop,1,100,0.01
Sports & Outdoors/Fan Shop/Auto Accessories/Decals & Bumper Stickers/Bumper Stickers,SmartBoardsUSA,1,100,0.01
Sports & Outdoors/Fan Shop/Auto Accessories/Decals & Bumper Stickers/Bumper Stickers,Fanmats,1,100,0.01
Sports & Outdoors/Fan Shop/Auto Accessories/Decals & Bumper Stickers/Bumper Stickers,Team ProMark,2,100,0.02
Sports & Outdoors/Fan Shop/Auto Accessories/Decals & Bumper Stickers/Bumper Stickers,POTO Sexy Lingerie,1,100,0.01
Sports & Outdoors/Fan Shop/Auto Accessories/Decals & Bumper Stickers/Bumper Stickers,Kramer sticker's shop,1,100,0.01
Sports & Outdoors/Fan Shop/Auto Accessories/Decals & Bumper Stickers/Bumper Stickers,Unknown,1,100,0.01
Sports & Outdoors/Fan Shop/Auto Accessories/Decals & Bumper Stickers/Bumper Stickers,JOOEE,1,100,0.01
Sports & Outdoors/Fan Shop/Auto Accessories/Decals & Bumper Stickers/Bumper Stickers,Weezag,1,100,0.01
Sports & Outdoors/Fan Shop/Auto Accessories/Decals & Bumper Stickers/Bumper Stickers,SupplyPro,1,100,0.01
Sports & Outdoors/Fan Shop/Auto Accessories/Decals & Bumper Stickers/Bumper Stickers,Citizen Pride,2,100,0.02
Sports & Outdoors/Fan Shop/Auto Accessories/Decals & Bumper Stickers/Bumper Stickers,WinCraft,6,100,0.06
Sports & Outdoors/Fan Shop/Auto Accessories/Decals & Bumper Stickers/Bumper Stickers,FATHEAD,11,100,0.11
Sports & Outdoors/Fan Shop/Auto Accessories/Decals & Bumper Stickers/Bumper Stickers,Kelp and Cactus Coast,1,100,0.01
Sports & Outdoors/Fan Shop/Auto Accessories/Decals & Bumper Stickers/Bumper Stickers,Stickernaut,1,100,0.01
Sports & Outdoors/Fan Shop/Auto Accessories/Decals & Bumper Stickers/Bumper Stickers,valstick,1,100,0.01
Sports & Outdoors/Fan Shop/Auto Accessories/Decals & Bumper Stickers/Bumper Stickers,National Park Life,1,100,0.01
Sports & Outdoors/Fan Shop/Auto Accessories/Decals & Bumper Stickers/Bumper Stickers,American Vinyl,1,100,0.01
Sports & Outdoors/Fan Shop/Auto Accessories/Decals & Bumper Stickers/Bumper Stickers,Rico,2,100,0.02
Sports & Outdoors/Fan Shop/Auto Accessories/Decals & Bumper Stickers/Bumper Stickers,Mountain Graphics,1,100,0.01
Sports & Outdoors/Fan Shop/Auto Accessories/Decals & Bumper Stickers/Bumper Stickers,Naisidier,1,100,0.01
Sports & Outdoors/Fan Shop/Auto Accessories/Decals & Bumper Stickers/Bumper Stickers,Blue Moon Graphics,1,100,0.01
Sports & Outdoors/Fan Shop/Auto Accessories/Decals & Bumper Stickers/Bumper Stickers,Maccabi Art,1,100,0.01
Sports & Outdoors/Fan Shop/Auto Accessories/Decals & Bumper Stickers/Bumper Stickers,Victory Postcards,1,100,0.01
Sports & Outdoors/Fan Shop/Auto Accessories/Decals & Bumper Stickers/Bumper Stickers,Kramer decal shop,1,100,0.01
Sports & Outdoors/Fan Shop/Auto Accessories/Decals & Bumper Stickers/Bumper Stickers,ALORR,1,100,0.01
Sports & Outdoors/Fan Shop/Auto Accessories/Decals & Bumper Stickers/Bumper Stickers,itsaskin1,2,100,0.02
Sports & Outdoors/Fan Shop/Auto Accessories/Decals & Bumper Stickers/Bumper Stickers,GT Graphics,21,100,0.21
Sports & Outdoors/Fan Shop/Auto Accessories/Decals & Bumper Stickers/Bumper Stickers,Doingo,1,100,0.01
Sports & Outdoors/Fan Shop/Auto Accessories/Decals & Bumper Stickers/Bumper Stickers,OLOOchcy,1,100,0.01
Sports & Outdoors/Fan Shop/Auto Accessories/Decals & Bumper Stickers/Bumper Stickers,TAS Apparel,1,100,0.01
Sports & Outdoors/Fan Shop/Auto Accessories/Decals & Bumper Stickers/Bumper Stickers,wsq,1,100,0.01
Sports & Outdoors/Fan Shop/Auto Accessories/Decals & Bumper Stickers/Bumper Stickers,Sarahs,1,100,0.01
Sports & Outdoors/Fan Shop/Auto Accessories/Decals & Bumper Stickers/Bumper Stickers,Heart Sticker,3,100,0.03
Sports & Outdoors/Fan Shop/Auto Accessories/Decals & Bumper Stickers/Bumper Stickers,Hornady,1,100,0.01
Sports & Outdoors/Fan Shop/Auto Accessories/Decals & Bumper Stickers/Bumper Stickers,Heart Sticker Co.,1,100,0.01
Sports & Outdoors/Fan Shop/Auto Accessories/Decals & Bumper Stickers/Bumper Stickers,Oceaneshop,1,100,0.01
Sports & Outdoors/Fan Shop/Auto Accessories/Decals & Bumper Stickers/Bumper Stickers,Marsauto,1,100,0.01
Sports & Outdoors/Fan Shop/Auto Accessories/Decals & Bumper Stickers/Bumper Stickers,Decals N Tees,3,100,0.03
Sports & Outdoors/Fan Shop/Auto Accessories/Decals & Bumper Stickers/Bumper Stickers,Rico Industries,2,100,0.02
Sports & Outdoors/Fan Shop/Auto Accessories/Decals & Bumper Stickers/Bumper Stickers,Devonpro,3,100,0.03
Sports & Outdoors/Fan Shop/Auto Accessories/Decals & Bumper Stickers/Bumper Stickers,LeoPro,2,100,0.02
Sports & Outdoors/Fan Shop/Auto Accessories/Decals & Bumper Stickers/Bumper Stickers,ANGDEST,3,100,0.03
